chapter_num,chapter_name,folder_name,has_title,has_summary,has_historical,has_main,has_technical,has_topicmap,has_quote,has_phenomenon_extra,has_joke,has_exercises,has_cartoon,has_imagefigure,main_words,main_characters,total_tex_files,extra_files,summary_content
1,BanachTarskiParadox,01_BanachTarskiParadox,V,V,V,V,V,V,V,X,X,X,V,X,2459,15473,8,,"The Banach–Tarski paradox shows that a solid sphere can be partitioned into finitely many disjoint pieces and, using only rigid motions, reassembled into two spheres identical to the original. This construction depends on the Axiom of Choice and the existence of non-measurable sets, whose behavior diverges from intuitions about volume. While not physically realizable, the result reveals how certain set-theoretic assumptions allow decompositions that defy standard notions of size and conservation."
2,TopologicalInsulators,02_TopologicalInsulators,V,V,V,V,V,V,V,X,X,X,X,X,2561,17430,7,,"Topological insulators exhibit an unusual combination of properties: insulating in their bulk yet conducting electricity perfectly along surfaces or edges. This behavior originates from the material's topology, which guarantees protected conductive states resistant to scattering and imperfections. The mathematical concept of topology, concerning properties preserved under continuous deformation, manifests physically in these materials through robust edge states and quantized conductance. These properties arise from spin-orbit coupling and band inversion, creating boundary states that traverse the bulk energy gap and remain protected against perturbations that preserve time-reversal symmetry."
3,GoldRelativity,03_GoldRelativity,V,V,V,V,V,V,V,X,X,X,X,X,2394,16224,7,,"The yellow color of gold requires relativistic quantum mechanics to explain, unlike silver's silvery appearance. Electrons in gold atoms reach 58\"
4,EMFieldsEnergyFlow,04_EMFieldsEnergyFlow,V,V,V,V,V,V,V,X,X,X,X,X,2945,19262,8,old_joke.tex,"Electrical energy travels primarily through electromagnetic fields surrounding conductors, not through the movement of electrons in wires. While electrons drift at millimeters per second, energy transfer occurs near light speed through the Poynting vector (S = E × B), which describes energy flow perpendicular to both electric and magnetic fields. This field-based transmission explains why circuits respond almost instantly despite slow electron movement, challenging the common misconception that electricity flows like water through pipes. Rather, the phenomenon resembles waves propagating across water's surface, where energy travels through the medium while the particles themselves undergo minimal displacement."
5,CircleWheel,05_CircleWheel,V,V,V,V,V,V,V,X,X,X,X,V,1474,10080,8,,"The terms """"wheel"""" and """"cycle"""" (but not circle!) derive from Proto-Indo-European *kʷékʷlos despite their phonetic dissimilarity in modern languages. Regular sound shifts transformed this root differently in Germanic and Hellenic branches through documented phonological processes. These linguistic patterns preserve evidence of Bronze Age terminology and illustrate consistent patterns of language change. Comparative methods identify these transformations through sound correspondences across Indo-European languages."
6,GravityTimeDilation,06_GravityTimeDilation,V,V,V,V,V,V,V,X,X,V,X,X,1990,13348,8,,"General relativity reveals gravity as a manifestation of spacetime curvature where time and space metrics are affected by massive objects. As opposed to the depiction of gravity as bending space, like the rubber sheet visualizations, it is actually the gradient in time's passage that creates what appears as gravitational attraction, guiding objects toward regions of slower time. This perspective resolves the apparent force of gravity as a natural consequence of objects following the simplest path through curved time, rather than being pulled by an invisible force."
7,BilliardsConicsPorism,07_BilliardsConicsPorism,V,V,V,V,V,V,V,X,X,X,V,X,2413,15241,8,,"Poncelet's Porism describes an unexpected property of billiard trajectories between two nested ellipses: if one path returns to its starting point after a finite number of bounces, then all starting points generate periodic trajectories with the same number of bounces. This geometric result connects to elliptic curves in number theory and measure-preserving dynamical systems. The theorem exemplifies how problems in distinct mathematical fields — from billiards to Gelfand's question about decimal digits — reduce to the same equations when expressed through appropriate frameworks."
8,BoundedPrimeGaps,08_BoundedPrimeGaps,V,V,V,V,V,V,V,X,X,V,X,X,1512,9343,8,,"In 2013, an unaffiliated Yitang Zhang proved there exists a finite bound B (initially 70,000,000) such that infinitely many prime pairs differ by at most B. While prime gaps can grow arbitrarily large, this breakthrough showed they cannot consistently drift apart without bound. The Polymath8 collaboration subsequently reduced this bound to a few hundred. Zhang's approach combined distribution properties of primes in arithmetic progressions with an advanced sieving technique, resolving a fundamental question about number patterns while falling short of proving the Twin Prime Conjecture that infinitely many primes differ by exactly 2."
9,ArrowTheoremTopology,09_ArrowTheoremTopology,V,V,V,V,V,V,V,X,V,X,X,X,1872,12089,8,,"Arrow's Impossibility Theorem proves that no voting system can simultaneously satisfy all seemingly reasonable criteria for fair collective decision-making. The theorem demonstrates that any method for aggregating ranked preferences must violate at least one of several axioms: non-dictatorship, Pareto efficiency, independence of irrelevant alternatives, or transitivity."
10,SolarFusionQuantumTunneling,10_SolarFusionQuantumTunneling,V,V,V,V,V,V,V,X,X,X,X,V,2007,13668,8,,"Solar fusion proceeds despite temperatures insufficient for classical nuclear reactions because quantum tunneling enables protons to penetrate the Coulomb barrier with non-zero probability. At the Sun's core temperature of 15 million Kelvin, the average proton possesses only about 1/20 the energy classically required to overcome electromagnetic repulsion between positively charged nuclei. Quantum mechanics allows particles to """"tunnel"""" through energy barriers they cannot surmount classically, with probability decreasing exponentially with barrier height and width. This tunneling effect, combined with the enormous number of interaction attempts in the solar plasma, sustains the precise fusion rate necessary for stellar stability over billions of years."
11,AcceleratingUniverse,11_AcceleratingUniverse,V,V,V,V,V,V,V,X,X,X,V,X,2079,14269,8,,"Observations of distant supernovae in the 1990s revealed that the universe's expansion is accelerating, contradicting earlier models that predicted gravity would slow cosmic expansion. This acceleration requires dark energy, an unknown component comprising about 70\"
12,GSMEncryptionOrder,12_GSMEncryptionOrder,V,V,V,V,V,V,V,X,X,V,X,X,2095,14108,8,,"GSM mobile communications used the A5/1 \& A5/2 encryption algorithm to protect call privacy, but its implementation revealed how engineering decisions can undermine cryptographic security. The system encrypted data by XORing it with a keystream generated from a 64-bit key, but weaknesses emerged from the protocol's structure rather than the algorithm itself. By encrypting signaling data before voice data, the system exposed predictable message patterns that allowed attackers to recover encryption keys through known-plaintext attacks."
13,PoissonsSpot,13_PoissonsSpot,V,V,V,V,V,V,V,X,X,V,X,X,2127,15221,8,,"Poisson's spot (also called the Arago spot) demonstrates wave diffraction through the unexpected appearance of a bright point at the center of a circular object's shadow. When Augustin-Jean Fresnel proposed light as a wave phenomenon in 1818, Siméon Poisson derived this counterintuitive prediction to disprove the theory. According to wave principles, light diffracting around a circular obstacle creates constructive interference exactly at the center point where waves from all directions arrive in phase. François Arago's experimental confirmation of this bright central spot, which had seemed absurd under particle theory, provided compelling evidence for the wave nature of light, transforming what was intended as a refutation into definitive validation."
14,CompactTwinParadox,14_CompactTwinParadox,V,V,V,V,V,V,V,X,X,X,X,X,1925,11704,7,,"In a cylindrical universe with compact spatial dimensions, twins can separate and reunite without acceleration, with one traveling around the circumference while the other remains stationary. Despite neither experiencing acceleration, they age differently upon reunion, creating a variant of the famous paradox for special relativity. In non-orientable topologies like Klein bottle universes, travelers can additionally experience reversal of chirality. Even a thoroughly non-dextrocardic explorer might come back from a cosmic stroll with his heart on the right side, no trauma needed."
15,EnvelopeParadox,15_EnvelopeParadox,V,V,V,V,V,V,V,X,X,V,X,X,1183,7010,8,,"The Envelope Paradox presents two envelopes where one contains twice the money of the other. After selecting one envelope, seemingly valid probabilistic reasoning suggests an expected gain by switching (averaging 1/x with 2x), regardless of which envelope was initially chosen. This symmetric conclusion creates a logical inconsistency since perpetual switching cannot be optimal. The paradox arises from improper application of expected value calculations to scenarios with unbounded distributions or when conditional probabilities are not properly accounted for. Resolving the paradox requires distinguishing between known values and variables, recognizing when probability distributions are ill-defined, and understanding the limitations of expected value calculations with potentially infinite quantities."
16,ShoelaceKnotMechanics,16_ShoelaceKnotMechanics,V,V,V,V,V,V,V,X,X,V,X,V,638,4190,9,,"The tendency for shoelaces to spontaneously untie stems from the interplay between knot topology and applied forces during walking. The common """"granny knot"""" is topologically less stable than the """"square knot,"""" despite their superficial similarity. Which knot forms depends on the orientation of the initial crossing relative to subsequent looping motions. Walking generates cyclic impact forces and inertial oscillations that gradually loosen the weaker knot structure by allowing slack to propagate through the system. And perhaps — just perhaps — that's why children are convinced their parents tie better knots: a shoelace secured by Grandma, viewed from a frame with reversed chirality, might literally hold tighter."
17,TorricellisTrumpet,17_TorricellisTrumpet,V,V,V,V,V,V,V,X,X,V,X,X,797,4993,8,,"Torricelli's Trumpet, generated by rotating y=1/x around the x-axis for x≥1, illustrates how geometric intuition breaks down with infinite objects. This solid extends infinitely yet contains a finite volume of exactly π cubic units, as proven through integration. Simultaneously, its surface area is infinite, creating the apparent paradox that the trumpet could be filled with a finite amount of paint yet never painted completely. The divergence occurs because volume scales with the square of radius while surface area scales linearly with radius as x approaches infinity."
18,SpeculativeExecutionAttacks,18_SpeculativeExecutionAttacks,V,V,V,V,V,V,V,X,V,X,X,X,1158,7794,8,,"Speculative execution optimizes performance by executing instructions before knowing if they're needed, leaving microarchitectural traces in cache memory even when results are discarded. Attacks like Meltdown and Spectre exploit this by constructing code sequences where a secret value determines which memory addresses are accessed during speculation. By measuring which addresses load quickly afterward (indicating they were cached), attackers can determine if specific bits were 0 or 1. This technique allows secrets to be extracted across privilege boundaries despite never appearing in architectural state."
19,CosmicRayMuons,19_CosmicRayMuons,V,V,V,V,V,V,V,X,X,X,X,V,1340,9110,8,,"Muons created by cosmic rays colliding with the upper atmosphere provide direct evidence for time dilation. With a rest-frame lifetime of approximately 2.2 microseconds and traveling close to light speed, classical physics predicts these particles should decay before reaching Earth's surface. Instead, detectors routinely observe muons at sea level. Special relativity explains this observation: from Earth's reference frame, the muons' time runs slower by a factor of γ (approximately 10-50 depending on energy), extending their lifetime enough to reach ground level. From the muon's perspective, relativistic length contraction reduces the distance traveled."
20,ChineseRoomArgument,20_ChineseRoomArgument,V,V,V,V,V,V,V,X,X,V,X,X,1009,7174,8,,"John Searle's Chinese Room thought experiment challenges computational theories of mind by proposing a scenario where someone manipulates Chinese symbols according to explicit rules without understanding the language. This person could produce appropriate responses to Chinese input, passing a linguistic Turing test, yet possess no comprehension of the conversation's meaning. The argument distinguishes syntax (symbol manipulation) from semantics (understanding), suggesting that digital computers executing algorithms necessarily operate only at the syntactic level. This distinction questions whether systems like large language models truly understand language or merely simulate understanding through statistical pattern recognition, highlighting differences between rule-following behavior and genuine comprehension."
21,ExponentialMapsLieTheory,21_ExponentialMapsLieTheory,V,V,V,V,V,V,V,X,X,V,X,X,1318,8848,8,,"The exponential function extends far beyond its familiar calculus definitions to form a unifying concept across mathematics. In various contexts: from formal power series to Lie theory, Riemannian geometry to sheaf theory — exponential maps share the fundamental property of transforming additive structures into multiplicative or compositional ones. These constructions are not coincidental; each maps linear or infinitesimal information to global or curved structures while preserving key relationships. Whether defined through power series, geodesics, or algebraic homomorphisms, exponential maps express how local linearity extends into global structure, demonstrating how mathematical abstractions reveal patterns across seemingly disparate domains."
22,MinecraftCreeper,22_MinecraftCreeper,V,V,V,V,V,V,V,X,X,X,X,V,1090,7098,8,,"The Creeper, Minecraft's iconic explosive enemy, originated from a simple programming error when developer Markus Persson accidentally swapped height and length values while modeling a pig. Rather than discarding the tall, narrow result, Persson repurposed the glitch, adding a leaf-block texture, downturned mouth, and silent approach behavior culminating in detonation. The mob's mechanics were assembled from existing code: pathfinding logic, recycled textures, and the game's block destruction system. Its distinctive threat comes from simple parameters — entering """"swell"""" state when within 2.5 blocks of a player and resetting when beyond 6 blocks — combined with silent movement that creates asymmetric encounters."
23,BlackHoleTimeDilationRedshift,23_BlackHoleTimeDilationRedshift,V,V,V,V,V,V,V,X,V,X,X,X,1646,10900,8,,"General relativity predicts drastically different perspectives for observers watching an object fall into a black hole versus the falling object itself. External observers see the object progressively slow, redden, and dim as it approaches the event horizon, appearing to freeze at the boundary due to extreme gravitational time dilation. In contrast, the falling object experiences no unusual effects when crossing the event horizon, continuing inward without local indication of having passed this critical boundary. This disparity in observations illustrates how spacetime curvature alters the relationship between reference frames, arresting intuitions about simultaneity and time."
24,FourDSpacetime,24_FourDSpacetime,V,V,V,V,V,V,V,X,X,V,X,X,1100,7818,8,,"Four dimensions appear repeatedly across physics and mathematics as a critical boundary for stable structures. In three spatial dimensions plus time, inverse-square laws permit stable orbits, quantum field theories remain renormalizable, gauge interactions systematically cancel anomalies, and exotic smooth structures emerge uniquely. This dimensionality enables crucial mathematical frameworks including quaternions, instantons, and black hole uniqueness theorems. Lower dimensions lack sufficient complexity for certain structures, while higher dimensions introduce instabilities and weaken constraints that produce the observable patterns of physical law."
25,FireflyBioluminescence,25_FireflyBioluminescence,V,V,V,V,V,V,V,X,X,X,X,X,1880,13567,7,,Fireflies produce light through a precise biochemical reaction where luciferase enzymes catalyze the oxidation of luciferin in specialized abdominal photocytes. This process converts chemical energy to light with remarkable efficiency — over 80\
26,ZKProofs,26_ZKProofs,V,V,V,V,V,V,V,X,X,X,X,V,1314,8715,8,,"Zero-knowledge proofs enable verifying the truth of a statement without revealing any information beyond its validity. These cryptographic protocols satisfy three properties: completeness (valid statements can be proven), soundness (false statements cannot be proven), and zero-knowledge (the proof reveals nothing about the statement except its truth). The mechanisms rely on cryptographic commitments, challenge-response interactions, or probabilistic verification that make it computationally infeasible to succeed without knowing the secret. Applications include authentication without password transmission, privacy-preserving transactions, and confidential verification of regulatory compliance."
27,PlanetarySkyColors,27_PlanetarySkyColors,V,V,V,V,V,X,V,X,X,X,X,V,1129,7722,7,,"The colors observed in astronomical objects originate from defined physical interactions between light and matter. Earth's blue sky results from Rayleigh scattering, where atmospheric molecules preferentially scatter shorter wavelengths. This principle extends across astronomy, where spectral modifications encode properties like temperature, composition, and motion. Stars emit thermal radiation with characteristic spectra determined by temperature — hotter stars appear blue, cooler stars red. Planets derive colors from reflection, absorption, and scattering processes in their atmospheres and surfaces. Nebulae display colors through emission from ionized gas, reflection of starlight by dust, or absorption creating dark silhouettes."
28,NegativeTemp,28_NegativeTemp,V,V,V,V,V,V,V,X,X,X,X,V,1373,8487,8,,"Temperature fundamentally measures how entropy changes with energy (∂S/∂E), not merely kinetic activity. While unbounded systems like ideal gases can only reach positive temperatures, quantum systems with finite energy spectra reveal a complex structure. When energy addition increases disorder, temperature is positive; when maximum entropy is reached, temperature becomes infinite; further energy addition creates more ordered states with negative temperatures. These negative temperature states are not colder than absolute zero but hotter than infinity — they transfer energy to any positive-temperature system when brought into contact. This phenomenon occurs in systems like spin populations with population inversions, where the highest energy states are more populated than lower ones. The temperature scale forms a complete circle: 0+ → +∞ ≡ -∞ → 0-, with inverse temperature β = 1/(kBT) providing the more natural, continuous parameter."
29,HatMonotile,29_HatMonotile,V,V,V,V,V,V,V,X,X,X,X,X,1061,7207,7,,"In 2023, the """"hat"""" tile discovery resolved the long-standing Einstein problem in tiling theory. This 13-sided polygon covers the plane completely while guaranteeing no pattern repetition, enforcing aperiodicity through geometry alone with just the tile and its mirror image. The breakthrough began with David Smith, an amateur mathematician and tiling enthusiast who noticed unusual behaviors during hands-on experimentation. Working with professional mathematicians, Smith helped develop and verify the formal proofs."
30,SimpsonsParadox,30_SimpsonsParadox,V,V,V,V,V,V,V,X,X,X,X,X,1403,9568,7,,"Simpson's Paradox occurs when a statistical trend present in separate groups reverses when the groups are combined. This effect emerges from unequal group sizes or hidden confounding variables that distribute non-uniformly across the data. For example, a treatment might show positive effects in both male and female subgroups yet appear harmful in the aggregate population if the treatment is disproportionately given to patients with more severe conditions and males and females differ in average severity. The paradox demonstrates that causal inference requires accounting for relevant stratifying variables and careful consideration of the causal structure rather than relying solely on raw correlations."
31,osmosis_Debye,31_osmosis_Debye,V,V,V,V,V,V,V,X,X,X,X,X,1800,12337,7,,"Standard osmosis explanations based solely on water concentration gradients fail to account for measured flow rates that far exceed diffusion limits. The ratio of osmotic permeability to diffusive permeability (Pf/Pd) commonly exceeds 100 in biological systems with aquaporins, while purely diffusive transport would yield a ratio near 1. Mechanical explanations, notably Debye's model, attribute osmosis to pressure gradients arising from solute-membrane interactions rather than simple diffusion. When solutes are excluded by a semipermeable membrane, their momentum cannot transfer across the boundary, creating a localized pressure drop that drives water movement. This mechanistic framework better explains experimental observations, particularly the dramatic permeability differences between aquaporin channels and simple lipid bilayers."
32,AtomicClocks,32_AtomicClocks,V,V,V,V,V,V,V,X,X,V,X,X,1544,10693,8,,"Timekeeping has progressively moved toward smaller physical phenomena: from Earth's rotation to pendulums, from crystal oscillations to atomic transitions, and now toward nuclear resonances. The SI second, defined by 9,192,631,770 periods of cesium-133's hyperfine transition, relies on quantum interactions between nuclear and electronic magnetic moments. This shift to microscopic reference standards improves precision exponentially — hydrogen masers achieve stability through atomic transitions at 1.42 GHz, while optical lattice clocks using strontium reach fractional uncertainties below 10⁻¹⁸ by probing transitions at ~10¹⁵ Hz. The progression continues toward nuclear clocks using thorium-229, which promises quality factors above 10¹⁹ by exploiting transitions in atomic nuclei rather than electron shells."
33,IncubationInequality,33_IncubationInequality,V,V,V,V,V,V,V,X,X,X,X,X,1567,10512,8,move_exercises.tex,"The Gaussian Correlation Inequality states that for two convex, symmetric sets in high-dimensional space, the probability of a Gaussian-distributed random point landing in both regions simultaneously is at least the product of the individual probabilities. This relationship, connecting geometric structure to probabilistic behavior, remained unproven for over fifty years despite verification in special cases. In 2014, Thomas Royen, a retired statistics professor from a university of applied sciences, resolved the conjecture using elementary tools: Laplace transforms and properties of gamma distributions."
34,BoltzmannBrain,34_BoltzmannBrain,V,V,V,V,V,V,V,X,X,X,X,V,1186,8465,8,,"The Boltzmann Brain paradox emerges from applying statistical physics to cosmology: in infinite time, random fluctuations in a high-entropy universe should produce isolated conscious entities far more frequently than entire ordered universes like ours. Mathematical analysis suggests a single brain with illusory memories requires vastly fewer unlikely coincidences than a genuine cosmic history. These hypothetical self-aware systems would possess false memories of existing in a structured world, despite being momentary arrangements with no causal history. The paradox creates cognitive instability — if observers are statistical fluctuations with false memories rather than evolved beings, the reliability of cosmological theories themselves becomes suspect."
35,TreesFromAir,35_TreesFromAir,V,V,V,V,V,V,V,X,X,X,X,V,1096,7227,8,,"Trees derive their mass primarily from atmospheric carbon dioxide rather than soil — contrary to intuitive belief. Through photosynthesis, plants convert this gaseous carbon into solid form, with approximately 95\"
36,qft_vs_gr,36_qft_vs_gr,V,V,V,V,V,V,V,X,X,X,X,X,2288,15946,7,,"General relativity and quantum field theory represent fundamentally incompatible frameworks for describing physical reality. GR portrays gravity as spacetime curvature — a geometric property emerging from mass-energy distribution — while QFT describes forces through particle exchange on a fixed background. This conceptual divide manifests in specific problems: the cosmological constant discrepancy (120 orders of magnitude between QFT vacuum energy predictions and observed values), the non-renormalizability of gravity (preventing standard quantum treatment), and the black hole information paradox (challenging quantum unitarity). These conflicts reveal the limits of our current understanding and motivate ongoing research into quantum gravity theories that might resolve these theoretical inconsistencies."
37,DarkMatterEvidence,37_DarkMatterEvidence,V,V,V,V,V,V,V,X,X,X,X,V,1621,10743,8,,"Dark matter's existence is inferred through multiple independent lines of evidence spanning different cosmic scales. Galaxy rotation curves remain flat far beyond visible matter, indicating extended gravitational influence. Galaxy clusters contain hot gas whose temperature and confinement require gravitational potentials deeper than visible matter can provide. Gravitational lensing reveals mass distributions exceeding luminous components, particularly in systems like the Bullet Cluster where dark and visible matter separate during collisions. Cosmic web structure formation requires gravitational scaffolding predating visible matter to develop within observed timeframes. The cosmic microwave background's fluctuation patterns indicate that ordinary matter comprises only 15\"
38,ChristmasTruce1914,38_ChristmasTruce1914,V,V,V,V,V,V,V,X,X,X,X,V,1523,8740,8,,"The 1914 Christmas Truce demonstrated how environmental conditions, shared cultural rituals, and mutual recognition briefly transformed conflict into spontaneous cooperation along the Western Front. Soldiers from opposing armies halted fighting to exchange gifts, sing carols, and fraternize in no man's land. This phenomenon emerged from multiple converging factors: the physical hardship of trench warfare, recognition of shared traditions and circumstances, the recent onset of war before dehumanization had fully taken hold, and implicit mutual understanding of common suffering."
39,SuperpermutationsBreakthrough,39_SuperpermutationsBreakthrough,V,V,V,V,V,V,V,X,X,X,X,X,1640,10135,7,,"A significant breakthrough in the superpermutation problem originated from an unlikely source: an anonymous 4chan post responding to a question about anime episode viewing orders. Superpermutations are strings containing every possible ordering of n symbols as substrings. For years, mathematicians believed the minimal length followed the pattern of factorial sums observed in small cases. The anonymous poster derived a rigorous lower bound: L(n) ≥ n! + (n-1)! + (n-2)! + n - 3, modeling the problem as path optimization through a permutation graph. This proof remained obscure until 2018 when mathematician Robin Houston rediscovered it, leading to the disproof of the long-standing conjecture and establishing new bounds on this combinatorial problem — with the original derivation still officially credited to """"Anonymous 4chan Poster."""""
40,BoomerangFlight,40_BoomerangFlight,V,V,V,V,V,V,V,X,X,V,X,X,1212,8452,8,,"Returning boomerangs achieve their curved flight path through three interacting mechanisms: asymmetric lift, gyroscopic precession, and sustained rotational stability. As the boomerang spins, one arm moves forward relative to the flight direction while the other moves backward, creating unequal airspeeds and therefore unequal lift forces. This lift imbalance produces a torque that doesn't directly reorient the boomerang but, due to gyroscopic precession, causes the spin axis to gradually turn horizontally. The tilting plane of rotation redirects the lift vector to provide centripetal force for curved flight. Unlike chaotic aerodynamic systems, boomerang flight relies on deterministic principles, making it predictable under consistent conditions."
41,HoughTransfrom,41_HoughTransfrom,V,V,V,V,V,V,V,X,X,X,X,X,1774,11439,7,,"The Hough transform detects geometric patterns in images by converting the problem from image space to parameter space. Digital images, represented as discrete intensity functions I(x,y), undergo gradient-based edge detection to identify significant brightness transitions. Each edge pixel then """"votes"""" for all possible geometric structures that could contain it. For line detection, edge points (x₀,y₀) generate constraints in (m,b) parameter space through the relation b = y₀ - mx₀. Points lying on the same line create intersecting constraint lines in parameter space, forming accumulator peaks. This approach extends to circles, ellipses, and other parametric shapes by adapting the constraint equations and adding dimensions to the parameter space."
42,IceSlipperiness,42_IceSlipperiness,V,V,V,V,V,V,V,X,X,X,X,V,1117,7779,8,,"Ice's exceptional slipperiness results primarily from a quasi-liquid layer (QLL) of disordered water molecules at its surface rather than from commonly assumed mechanisms. While pressure melting and frictional heating contribute under specific conditions, neither explains ice's slickness at rest or across wide temperature ranges. Surface molecules, having fewer hydrogen bonds than those in the interior crystal lattice, form a nanometer-thick disordered layer that functions as a molecular lubricant even well below freezing. Counterintuitively, ice is most slippery around -7°C rather than at 0°C, as the QLL is sufficiently mobile at this temperature while the underlying ice remains hard enough to resist deformation."
43,NearFlatUniverse,43_NearFlatUniverse,V,V,V,V,V,V,V,X,X,X,X,V,1539,9996,8,,The universe appears flat to within 0.4\
44,IronMask,44_IronMask,V,V,V,V,V,V,V,X,X,X,X,V,1641,10986,8,,"The prisoner known as """"Eustache Dauger"""" remained in state custody for thirty-four years (1669-1703) under extraordinary protocols of secrecy. His confinement spanned four locations under the continuous supervision of a single jailer, Bénigne Dauvergne de Saint-Mars. Official correspondence reveals exceptional measures: a specially constructed cell with sound isolation, strict limitations on communication, and a requirement to wear a black velvet mask (not iron) when visible to anyone outside Saint-Mars's control. The prisoner served as valet to another detainee at Pignerol before eventual transfer to the Bastille, where he died and was buried under the alias """"Marchioly."""" No court proceedings, charges, or legal classification appear in records, and following his death, all his possessions and cell surfaces were destroyed — creating a case distinguished not by the known elements but by systematic erasure of official identity."
45,MaxwellDemon,45_MaxwellDemon,V,V,V,V,V,V,V,X,X,V,X,X,1376,10065,8,,"Maxwell's Demon, proposed in 1867, describes a thought experiment where a tiny being controls a door between two gas chambers, selectively allowing fast molecules into one chamber and slow ones into another. This sorting creates a temperature gradient from uniformity, seemingly decreasing entropy and violating the second law of thermodynamics. The resolution emerged through Landauer's principle (1961): the demon must erase information to continue sorting, and this erasure necessarily increases entropy by at least kB ln 2 per bit, offsetting the entropy reduction from sorting. This connection between information processing and thermodynamics reveals that information has physical embodiment with real thermodynamic consequences. The paradox remains relevant in quantum contexts, where measurement actively changes systems and quantum statistics alter the sorting possibilities."
46,WoodwardHoffmannRules,46_WoodwardHoffmannRules,V,V,V,V,V,V,V,X,X,X,X,X,1323,9735,7,,"The Woodward-Hoffmann rules establish how mathematical symmetry conservation governs chemical reaction pathways at the quantum level. In pericyclic reactions, the symmetry properties of molecular orbitals — represented by wave functions with specific nodal patterns analogous to trigonometric functions — must be conserved throughout the reaction coordinate. This conservation requirement creates selection rules that determine allowed stereochemical outcomes. The symmetry constraints differ fundamentally between thermal and photochemical conditions, as light excitation inverts the orbital symmetry relationships, thereby enabling reaction pathways forbidden under thermal conditions and vice versa."
47,ObserverDependentVacuum,47_ObserverDependentVacuum,V,V,V,V,V,V,V,X,X,X,X,V,1296,8983,8,,"The vacuum's nature transforms across physical theories, from the classical notion of emptiness to the observer-dependent construct of quantum field theory in curved spacetime. In flat spacetime, quantum fields fluctuate around minimum energy states, yet all inertial observers agree on particle absence. This consensus breaks down in curved spacetime or for accelerating observers, where the definition of particles depends on the observer's trajectory. The Unruh effect exemplifies this: an observer accelerating through empty space perceives a thermal bath of particles at temperature proportional to their acceleration (T = ħa/2πckB). This occurs because acceleration alters how field modes separate into positive and negative frequencies, transformed by Bogoliubov coefficients that mix creation and annihilation operators."
48,three_body,48_three_body,V,V,V,V,V,V,V,X,X,X,X,V,1328,9308,8,,"Deterministic systems with fixed rules can exhibit chaotic behavior, where minuscule differences in initial conditions lead to drastically different outcomes over time. The double pendulum, three-body gravitational problem, and irregular billiard tables exemplify this phenomenon despite having few components and simple governing equations. Counterintuitively, billions of times more complex physical systems like falling objects often display predictable behavior. This is because dissipative effects — friction, air resistance, and internal vibration — continuously suppress perturbations."
49,IVFmtDNA,49_IVFmtDNA,V,V,V,V,V,V,V,X,X,X,X,X,1649,11952,7,,"Mitochondrial DNA (mtDNA) exists separately from nuclear DNA, containing 37 genes essential for cellular energy production through oxidative phosphorylation. This genetic material is inherited almost exclusively from the oocyte during fertilization, as sperm contribute negligible cytoplasmic content. mtDNA's vulnerability to mutations — 10-100 times higher than nuclear DNA — stems from its lack of protective histones, limited repair mechanisms, and proximity to reactive oxygen species. Standard in vitro fertilization preserves this maternal inheritance pattern, potentially transmitting pathogenic mtDNA mutations to offspring. Mitochondrial replacement therapies address this by transferring nuclear material from an affected oocyte to donor cytoplasm containing healthy mitochondria, using either maternal spindle transfer before fertilization or pronuclear transfer after fertilization but before nuclear fusion. While rare reports suggest paternal mtDNA transmission, these typically represent nuclear mitochondrial DNA segments (NUMTs) misidentified during sequencing rather than actual biparental inheritance."
50,LangtonsAnt,50_LangtonsAnt,V,V,V,V,V,V,V,X,X,X,X,V,1355,9180,8,,"Langton's Ant exemplifies how minimal deterministic rules can generate complex, emergent behavior without external guidance. This system operates on a two-dimensional grid where a single agent follows two simple rules: on white squares, turn 90° clockwise, flip the color to black, and move forward; on black squares, turn 90° counterclockwise, flip to white, and advance. Despite this simplicity, the ant progresses through distinct phases — initially forming symmetric patterns, then exhibiting seemingly chaotic motion, before spontaneously constructing a repeating """"highway"""" structure after prolonged evolution. The system bridges cellular automata (with parallel spatial updates) and Turing machines (with sequential computation), providing insight into computational universality and emergence."
52,QuantumSubspaceAngles,52_QuantumSubspaceAngles,X,X,V,V,V,X,V,X,X,X,X,X,770,5156,4,,[NO SUMMARY FILE]
53,BodySwappingPuzzle,53_BodySwappingPuzzle,V,V,V,V,V,V,V,X,X,X,X,X,957,5972,7,,"The body swapping puzzle explores a mathematical problem that gained prominence through the animated series Futurama: when multiple individuals swap minds, can everyone return to their original bodies if no pair can swap directly more than once? This question connects to permutation group theory, where mind swaps represent cycles in permutation notation. The Futurama Theorem, formally known as Keeler's Theorem after writer Ken Keeler, proves that regardless of how complex the initial swapping arrangement, adding two fresh bodies allows any permutation to be sorted with only pairwise swaps."
